Mindy,Paul,Greg,Jenn
0.0,0.010140180111386215,0.012880289542311322,0.010332224510960808
0.010140180111386215,0.0,0.0125705075047587,0.010700969516003364
0.012880289542311322,0.0125705075047587,0.0,0.01259530927009012
0.010332224510960808,0.010700969516003364,0.01259530927009012,0.0
